Tarih;Eczane adı A;Eczane adı B
2026-10-01;Example Pharmacy A;Example Pharmacy B
2026-10-02;Example Pharmacy A;Example Pharmacy B
2026-10-03;Example Pharmacy A;Example Pharmacy B
2026-10-04;Example Pharmacy A;Example Pharmacy B
2026-10-05;Example Pharmacy A;Example Pharmacy B
2026-10-06;Example Pharmacy A;Example Pharmacy B
2026-10-07;Example Pharmacy A;Example Pharmacy B
2026-10-08;Example Pharmacy A;Example Pharmacy B
2026-10-09;Example Pharmacy A;Example Pharmacy B
2026-10-10;Example Pharmacy A;Example Pharmacy B
2026-10-11;Example Pharmacy A;Example Pharmacy B
2026-10-12;Example Pharmacy A;Example Pharmacy B
2026-10-13;Example Pharmacy A;Example Pharmacy B
2026-10-14;Example Pharmacy A;Example Pharmacy B
2026-10-15;Example Pharmacy A;Example Pharmacy B
2026-10-16;Example Pharmacy A;Example Pharmacy B
2026-10-17;Example Pharmacy A;Example Pharmacy B
2026-10-18;Example Pharmacy A;Example Pharmacy B
2026-10-19;Example Pharmacy A;Example Pharmacy B
2026-10-20;Example Pharmacy A;Example Pharmacy B
2026-10-21;Example Pharmacy A;Example Pharmacy B
2026-10-22;Example Pharmacy A;Example Pharmacy B
2026-10-23;Example Pharmacy A;Example Pharmacy B
2026-10-24;Example Pharmacy A;Example Pharmacy B
2026-10-25;Example Pharmacy A;Example Pharmacy B
2026-10-26;Example Pharmacy A;Example Pharmacy B
2026-10-27;Example Pharmacy A;Example Pharmacy B
2026-10-28;Example Pharmacy A;Example Pharmacy B
2026-10-29;Example Pharmacy A;Example Pharmacy B
2026-10-30;Example Pharmacy A;Example Pharmacy B
2026-10-31;Example Pharmacy A;Example Pharmacy B
2026-11-01;Example Pharmacy A;Example Pharmacy B
2026-11-02;Example Pharmacy A;Example Pharmacy B
2026-11-03;Example Pharmacy A;Example Pharmacy B
2026-11-04;Example Pharmacy A;Example Pharmacy B
2026-11-05;Example Pharmacy A;Example Pharmacy B
2026-11-06;Example Pharmacy A;Example Pharmacy B
2026-11-07;Example Pharmacy A;Example Pharmacy B
2026-11-08;Example Pharmacy A;Example Pharmacy B
2026-11-09;Example Pharmacy A;Example Pharmacy B
2026-11-10;Example Pharmacy A;Example Pharmacy B
2026-11-11;Example Pharmacy A;Example Pharmacy B
2026-11-12;Example Pharmacy A;Example Pharmacy B
2026-11-13;Example Pharmacy A;Example Pharmacy B
2026-11-14;Example Pharmacy A;Example Pharmacy B
2026-11-15;Example Pharmacy A;Example Pharmacy B
2026-11-16;Example Pharmacy A;Example Pharmacy B
2026-11-17;Example Pharmacy A;Example Pharmacy B
2026-11-18;Example Pharmacy A;Example Pharmacy B
2026-11-19;Example Pharmacy A;Example Pharmacy B
2026-11-20;Example Pharmacy A;Example Pharmacy B
2026-11-21;Example Pharmacy A;Example Pharmacy B
2026-11-22;Example Pharmacy A;Example Pharmacy B
2026-11-23;Example Pharmacy A;Example Pharmacy B
2026-11-24;Example Pharmacy A;Example Pharmacy B
2026-11-25;Example Pharmacy A;Example Pharmacy B
2026-11-26;Example Pharmacy A;Example Pharmacy B
2026-11-27;Example Pharmacy A;Example Pharmacy B
2026-11-28;Example Pharmacy A;Example Pharmacy B
2026-11-29;Example Pharmacy A;Example Pharmacy B
2026-11-30;Example Pharmacy A;Example Pharmacy B
2026-12-01;Example Pharmacy A;Example Pharmacy B
2026-12-02;Example Pharmacy A;Example Pharmacy B
2026-12-03;Example Pharmacy A;Example Pharmacy B
2026-12-04;Example Pharmacy A;Example Pharmacy B
2026-12-05;Example Pharmacy A;Example Pharmacy B
2026-12-06;Example Pharmacy A;Example Pharmacy B
2026-12-07;Example Pharmacy A;Example Pharmacy B
2026-12-08;Example Pharmacy A;Example Pharmacy B
2026-12-09;Example Pharmacy A;Example Pharmacy B
2026-12-10;Example Pharmacy A;Example Pharmacy B
2026-12-11;Example Pharmacy A;Example Pharmacy B
2026-12-12;Example Pharmacy A;Example Pharmacy B
2026-12-13;Example Pharmacy A;Example Pharmacy B
2026-12-14;Example Pharmacy A;Example Pharmacy B
2026-12-15;Example Pharmacy A;Example Pharmacy B
2026-12-16;Example Pharmacy A;Example Pharmacy B
2026-12-17;Example Pharmacy A;Example Pharmacy B
2026-12-18;Example Pharmacy A;Example Pharmacy B
2026-12-19;Example Pharmacy A;Example Pharmacy B
2026-12-20;Example Pharmacy A;Example Pharmacy B
2026-12-21;Example Pharmacy A;Example Pharmacy B
2026-12-22;Example Pharmacy A;Example Pharmacy B
2026-12-23;Example Pharmacy A;Example Pharmacy B
2026-12-24;Example Pharmacy A;Example Pharmacy B
2026-12-25;Example Pharmacy A;Example Pharmacy B
2026-12-26;Example Pharmacy A;Example Pharmacy B
2026-12-27;Example Pharmacy A;Example Pharmacy B
2026-12-28;Example Pharmacy A;Example Pharmacy B
2026-12-29;Example Pharmacy A;Example Pharmacy B
2026-12-30;Example Pharmacy A;Example Pharmacy B
2026-12-31;Example Pharmacy A;Example Pharmacy B
2027-01-01;Example Pharmacy A;Example Pharmacy B

